Date,CHF2Y,CHF3Y,CHF4Y,CHF5Y,CHF7Y,CHF10Y,CHF20Y,CHF30Y,EUR10Y,USD10Y,
1988-01-31,3.218,3.393,3.554,3.695,3.904,4.092,4.326,#N/A,#N/A,8.4841,
1988-02-29,2.99,3.271,3.498,3.672,3.905,4.098,4.332,#N/A,#N/A,8.361,
1988-03-31,3.263,3.573,3.734,3.823,3.916,3.998,4.255,#N/A,#N/A,8.7629,
1988-04-30,3.25,3.467,3.594,3.684,3.819,3.965,4.2,#N/A,#N/A,9.0687,
1988-05-31,3.602,3.802,3.909,3.974,4.054,4.127,4.247,#N/A,#N/A,9.2778,
1988-06-30,3.707,3.764,3.83,3.897,4.017,4.155,4.38,#N/A,#N/A,8.8949,
1988-07-31,4.195,4.206,4.212,4.215,4.219,4.222,4.226,#N/A,#N/A,9.284,
1988-08-31,3.959,3.943,3.981,4.037,4.153,4.292,4.498,#N/A,#N/A,9.2447,
1988-09-30,3.798,3.871,3.962,4.041,4.156,4.257,4.381,#N/A,#N/A,8.8704,
1988-10-31,4.157,4.089,4.025,3.986,3.965,4.014,4.406,#N/A,#N/A,8.6762,
1988-11-30,4.29,4.144,4.054,4.003,3.979,4.042,4.387,#N/A,#N/A,8.9978,
1988-12-31,4.425,4.24,4.131,4.074,4.048,4.107,4.374,#N/A,#N/A,9.0064,
1989-01-31,5.14,4.862,4.727,4.653,4.574,4.517,4.45,#N/A,#N/A,8.827,
1989-02-28,5.522,5.202,5.03,4.926,4.808,4.719,4.615,#N/A,#N/A,9.1471,
1989-03-31,5.473,5.179,5.035,4.954,4.864,4.798,4.72,#N/A,#N/A,9.0739,
1989-04-30,5.845,5.439,5.231,5.132,5.066,5.054,5.061,#N/A,#N/A,8.9012,
1989-05-31,6.476,5.926,5.639,5.483,5.334,5.242,5.143,#N/A,#N/A,8.5151,
1989-06-30,6.019,5.455,5.178,5.066,5.041,5.105,5.229,#N/A,#N/A,8.0823,
1989-07-31,5.618,5.273,5.153,5.123,5.136,5.173,5.226,#N/A,#N/A,7.7831,
1989-08-31,6.145,5.567,5.297,5.19,5.158,5.195,5.265,#N/A,#N/A,8.1871,
1989-09-30,6.648,5.979,5.625,5.451,5.332,5.311,5.331,#N/A,#N/A,8.2513,
1989-10-31,6.571,6.029,5.743,5.581,5.417,5.31,5.195,#N/A,#N/A,7.9089,
1989-11-30,6.45,5.92,5.689,5.582,5.491,5.437,5.376,#N/A,#N/A,7.7975,
1989-12-31,6.736,6.128,5.875,5.764,5.673,5.618,5.556,#N/A,#N/A,7.9107,
1990-01-31,7.649,6.841,6.456,6.269,6.117,6.04,5.967,#N/A,#N/A,8.3573,
1990-02-28,7.785,7.236,6.918,6.714,6.474,6.292,6.079,#N/A,#N/A,8.4624,
1990-03-31,7.734,7.163,6.871,6.717,6.57,6.475,6.37,#N/A,#N/A,8.564,
1990-04-30,7.831,7.182,6.881,6.745,6.655,6.629,6.619,#N/A,#N/A,8.9235,
1990-05-31,6.923,6.531,6.402,6.355,6.321,6.3,6.277,#N/A,#N/A,8.5239,
1990-06-30,6.988,6.508,6.323,6.246,6.184,6.147,6.105,#N/A,#N/A,8.3853,
1990-07-31,6.931,6.347,6.143,6.08,6.065,6.078,6.1,#N/A,#N/A,8.3322,
1990-08-31,7.38,6.885,6.665,6.566,6.5,6.484,6.484,#N/A,#N/A,8.8887,
1990-09-30,7.071,6.717,6.598,6.555,6.525,6.509,6.491,#N/A,#N/A,8.8648,
1990-10-31,6.983,6.695,6.595,6.553,6.516,6.491,6.463,#N/A,#N/A,8.6758,
1990-11-30,7.363,6.923,6.753,6.677,6.609,6.563,6.51,#N/A,#N/A,8.2907,
1990-12-31,7.358,6.927,6.728,6.643,6.598,6.601,6.623,#N/A,#N/A,8.2193,
1991-01-31,6.952,6.574,6.44,6.402,6.399,6.415,6.438,#N/A,#N/A,8.1434,
1991-02-28,6.925,6.534,6.352,6.271,6.223,6.221,6.237,#N/A,#N/A,8.1356,
1991-03-31,6.702,6.355,6.231,6.185,6.16,6.155,6.152,#N/A,#N/A,8.1748,
1991-04-30,6.851,6.424,6.237,6.146,6.065,6.016,5.961,#N/A,#N/A,8.1745,
1991-05-31,6.61,6.129,5.925,5.844,5.806,5.813,5.838,#N/A,#N/A,8.2448,
1991-06-30,6.753,6.25,6.039,5.964,5.946,5.971,6.015,#N/A,#N/A,8.4401,
1991-07-31,6.695,6.36,6.204,6.123,6.045,5.996,5.941,#N/A,#N/A,8.3012,
1991-08-31,6.775,6.463,6.324,6.248,6.167,6.107,6.036,#N/A,#N/A,8.0619,
1991-09-30,6.661,6.445,6.353,6.301,6.242,6.198,6.146,#N/A,#N/A,7.7129,
1991-10-31,7.26,7.048,6.944,6.88,6.795,6.698,6.384,#N/A,#N/A,7.7774,
1991-11-30,7.056,6.809,6.701,6.653,6.629,6.637,6.67,#N/A,#N/A,7.7583,
1991-12-31,6.578,6.379,6.349,6.35,6.361,6.37,6.382,#N/A,#N/A,7.1252,
1992-01-31,6.627,6.304,6.179,6.143,6.147,6.175,6.214,#N/A,#N/A,7.6606,
1992-02-29,6.697,6.419,6.288,6.222,6.164,6.132,6.099,#N/A,#N/A,7.6253,
1992-03-31,6.938,6.608,6.536,6.546,6.608,6.676,6.762,#N/A,#N/A,7.7596,
1992-04-30,7.228,6.854,6.705,6.639,6.581,6.545,6.503,#N/A,#N/A,7.8484,
1992-05-31,7.522,7.071,6.89,6.828,6.821,6.861,6.93,#N/A,#N/A,7.6194,
1992-06-30,7.622,7.27,7.122,7.048,6.975,6.924,6.865,#N/A,#N/A,7.5786,
1992-07-31,7.65,7.31,7.143,7.048,6.944,6.867,6.778,#N/A,#N/A,7.15,
1992-08-31,7.292,7.061,6.959,6.913,6.875,6.854,6.83,#N/A,#N/A,7.1916,
1992-09-30,6.779,6.606,6.478,6.393,6.312,6.292,6.33,#N/A,#N/A,7.0045,
1992-10-31,5.821,5.791,5.816,5.865,5.979,6.092,5.851,#N/A,#N/A,7.2241,
1992-11-30,5.887,5.845,5.867,5.913,6.006,6.063,5.762,#N/A,#N/A,7.3078,
1992-12-31,5.529,5.433,5.428,5.466,5.573,5.68,5.526,#N/A,#N/A,7.0947,
1993-01-31,5.114,5.14,5.195,5.263,5.399,5.539,5.36,#N/A,#N/A,6.8122,
1993-02-28,4.785,4.826,4.872,4.899,4.914,4.907,4.888,#N/A,#N/A,6.4942,
1993-03-31,4.444,4.475,4.522,4.566,4.631,4.688,4.756,#N/A,#N/A,6.531,
1993-04-30,4.267,4.346,4.473,4.582,4.729,4.845,4.981,#N/A,#N/A,6.446,
1993-05-31,4.257,4.239,4.348,4.474,4.673,4.846,5.054,#N/A,#N/A,6.4656,
1993-06-30,4.364,4.352,4.389,4.432,4.503,4.566,4.643,#N/A,#N/A,6.0909,
1993-07-31,4.259,4.308,4.376,4.434,4.51,4.546,4.39,#N/A,#N/A,6.0717,
1993-08-31,4.225,4.268,4.335,4.392,4.457,4.479,4.418,#N/A,#N/A,5.7302,
1993-09-30,4.111,4.132,4.195,4.264,4.374,4.455,4.379,#N/A,#N/A,5.6792,
1993-10-31,3.888,3.926,3.993,4.056,4.142,4.208,4.268,#N/A,#N/A,5.7072,
1993-11-30,3.767,3.831,3.927,4.015,4.143,4.247,4.368,#N/A,#N/A,6.056,
1993-12-31,3.457,3.534,3.658,3.781,3.971,4.136,4.321,#N/A,#N/A,6.0732,
1994-01-31,3.543,3.613,3.733,3.854,4.042,4.206,4.391,#N/A,#N/A,5.8634,
1994-02-28,3.686,3.807,3.969,4.109,4.305,4.465,4.654,#N/A,#N/A,6.4215,
1994-03-31,3.948,4.035,4.146,4.258,4.445,4.634,4.889,#N/A,#N/A,6.9796,
1994-04-30,4.193,4.347,4.49,4.621,4.839,5.062,5.203,#N/A,#N/A,7.1931,
1994-05-31,3.978,4.131,4.334,4.523,4.807,5.046,5.307,#N/A,#N/A,7.2994,
1994-06-30,4.343,4.513,4.721,4.897,5.139,5.334,5.565,#N/A,#N/A,7.517,
1994-07-31,4.449,4.552,4.701,4.846,5.071,5.273,5.523,#N/A,#N/A,7.2246,
1994-08-31,4.776,4.919,5.049,5.16,5.33,5.492,5.713,#N/A,#N/A,7.2685,
1994-09-30,4.843,5.04,5.188,5.306,5.48,5.636,5.821,#N/A,#N/A,7.6961,
1994-10-31,4.761,5.021,5.188,5.302,5.45,5.594,5.869,#N/A,#N/A,7.8317,
1994-11-30,4.723,4.915,5.051,5.148,5.271,5.368,5.483,#N/A,#N/A,7.8499,
1994-12-31,4.718,4.842,4.957,5.051,5.186,5.304,5.45,#N/A,#N/A,7.8116,
1995-01-31,4.64,4.799,4.932,5.04,5.192,5.322,5.483,#N/A,#N/A,7.5736,
1995-02-28,4.595,4.791,4.93,5.036,5.188,5.325,5.499,#N/A,#N/A,7.279,
1995-03-31,4.2,4.467,4.662,4.808,5.007,5.179,5.393,#N/A,#N/A,7.2693,
1995-04-30,3.955,4.206,4.41,4.574,4.815,5.033,5.314,#N/A,#N/A,7.0906,
1995-05-31,3.815,4.069,4.268,4.426,4.658,4.873,5.162,#N/A,#N/A,6.4044,
1995-06-30,3.682,3.969,4.201,4.39,4.671,4.936,5.289,#N/A,#N/A,6.3096,
1995-07-31,3.46,3.799,4.069,4.284,4.592,4.859,5.127,#N/A,#N/A,6.5371,
1995-08-31,3.461,3.748,3.976,4.164,4.449,4.73,5.135,#N/A,#N/A,6.3752,
1995-09-30,2.945,3.248,3.52,3.761,4.153,4.555,5.129,#N/A,#N/A,6.2477,
1995-10-31,2.758,3.117,3.392,3.623,3.992,4.38,4.967,#N/A,#N/A,6.0861,
1995-11-30,2.259,2.68,3.043,3.331,3.727,4.057,4.455,#N/A,#N/A,5.8631,
1995-12-31,2.278,2.75,3.123,3.405,3.782,4.09,4.43,#N/A,#N/A,5.6835,
1996-01-31,2.242,2.69,3.092,3.433,3.951,4.437,5.078,#N/A,#N/A,5.7237,
1996-02-29,2.378,2.779,3.114,3.399,3.859,4.358,5.184,#N/A,#N/A,6.2352,
1996-03-31,2.223,2.633,3.011,3.344,3.875,4.406,5.144,#N/A,#N/A,6.4884,
1996-04-30,2.17,2.534,2.896,3.228,3.773,4.329,5.109,#N/A,#N/A,6.7486,
1996-05-31,2.91,3.21,3.499,3.762,4.204,4.682,5.418,#N/A,#N/A,6.8942,
1996-06-30,2.761,3.13,3.501,3.813,4.254,4.627,5.076,#N/A,#N/A,6.7471,
1996-07-31,2.73,3.067,3.401,3.695,4.144,4.561,5.094,#N/A,#N/A,6.7985,
1996-08-31,2.503,2.871,3.22,3.527,4.006,4.467,5.08,#N/A,#N/A,6.9876,
1996-09-30,2.201,2.581,2.928,3.237,3.741,4.256,4.988,#N/A,#N/A,6.7543,
1996-10-31,1.997,2.368,2.743,3.084,3.63,4.166,4.885,#N/A,#N/A,6.4092,
1996-11-30,2.249,2.565,2.901,3.211,3.707,4.191,4.835,#N/A,#N/A,6.0996,
1996-12-31,2.049,2.402,2.743,3.056,3.577,4.125,4.919,#N/A,#N/A,6.4372,
1997-01-31,1.98,2.305,2.625,2.922,3.424,3.959,4.75,#N/A,#N/A,6.5303,
1997-02-28,1.726,1.968,2.237,2.501,2.974,3.517,4.441,#N/A,#N/A,6.5932,
1997-03-31,1.953,2.238,2.531,2.811,3.299,3.853,4.793,#N/A,#N/A,6.9575,
1997-04-30,1.862,2.105,2.397,2.688,3.203,3.769,4.616,#N/A,#N/A,6.7644,
1997-05-31,1.594,1.937,2.257,2.547,3.036,3.586,4.528,#N/A,#N/A,6.7081,
1997-06-30,1.653,1.93,2.213,2.484,2.966,3.522,4.435,#N/A,#N/A,6.5733,
1997-07-31,1.743,2.019,2.307,2.582,3.06,3.585,4.389,#N/A,#N/A,6.0772,
1997-08-31,1.868,2.174,2.469,2.74,3.195,3.692,4.469,#N/A,#N/A,6.427,
1997-09-30,2.002,2.298,2.574,2.822,3.24,3.704,4.47,#N/A,5.718,6.2164,
1997-10-31,2.24,2.491,2.73,2.948,3.315,3.719,4.366,#N/A,5.793,5.9383,
1997-11-30,2.13,2.386,2.643,2.879,3.273,3.692,4.319,#N/A,5.702,5.8869,
1997-12-31,1.883,2.136,2.384,2.614,3.006,3.445,4.167,4.445,5.481,5.7797,
1998-01-31,1.583,1.809,2.039,2.256,2.636,3.084,3.917,4.284,5.23,5.621,
1998-02-28,1.369,1.619,1.86,2.084,2.481,2.964,3.936,4.408,5.09,5.7291,
1998-03-31,1.758,1.946,2.131,2.313,2.657,3.109,4.065,4.51,5.059,5.7604,
1998-04-30,1.981,2.205,2.403,2.585,2.916,3.344,4.255,4.677,5.25,5.8094,
1998-05-31,1.921,2.111,2.291,2.461,2.773,3.179,4.137,4.712,5.069,5.6889,
1998-06-30,2.216,2.333,2.466,2.608,2.899,3.308,4.228,4.674,5.004,5.5413,
1998-07-31,2.067,2.198,2.347,2.499,2.794,3.19,4.12,4.641,4.827,5.585,
1998-08-31,1.756,1.924,2.089,2.25,2.559,2.988,4.156,4.703,4.429,5.1789,
1998-09-30,1.74,1.785,1.922,2.115,2.542,3.086,3.964,4.281,4.184,4.691,
1998-10-31,1.484,1.573,1.731,1.934,2.368,2.914,3.796,4.115,4.366,4.9091,
1998-11-30,1.747,1.788,1.847,1.935,2.186,2.659,3.974,4.651,4.2,4.9351,
1998-12-31,1.728,1.719,1.805,1.946,2.276,2.71,3.425,4.783,4.1,5.0014,
1999-01-31,1.568,1.656,1.735,1.831,2.089,2.555,3.776,4.373,3.845,4.9817,
1999-02-28,1.491,1.632,1.744,1.854,2.107,2.55,3.784,4.426,4.219,5.5735,
1999-03-31,1.554,1.664,1.764,1.875,2.143,2.604,3.815,4.416,4.25,5.6093,
1999-04-30,1.376,1.537,1.68,1.819,2.101,2.534,3.705,4.346,4.054,5.6317,
1999-05-31,1.41,1.616,1.803,1.976,2.294,2.72,3.775,4.414,4.325,5.9241,
1999-06-30,1.929,2.138,2.282,2.398,2.608,2.937,3.97,4.624,4.761,6.0964,
1999-07-31,2.092,2.299,2.426,2.528,2.726,3.044,4.009,4.677,4.962,6.2097,
1999-08-31,2.204,2.456,2.603,2.708,2.888,3.169,4.016,4.529,5.136,6.3196,
1999-09-30,2.527,2.724,2.845,2.944,3.135,3.427,4.199,4.647,5.335,6.2716,
1999-10-31,2.991,3.104,3.148,3.196,3.345,3.625,4.379,4.792,5.371,6.3354,
1999-11-30,2.834,2.933,2.996,3.083,3.322,3.69,4.362,4.614,5.331,6.453,
1999-12-31,2.539,2.715,2.851,2.986,3.257,3.617,4.276,4.535,5.456,6.7009,
2000-01-31,2.829,3.027,3.177,3.302,3.516,3.784,4.368,4.657,5.72,6.6866,
2000-02-29,3.25,3.324,3.38,3.45,3.619,3.868,4.369,4.581,5.605,6.528,
2000-03-31,3.637,3.646,3.67,3.729,3.903,4.155,4.572,4.722,5.324,6.1707,
2000-04-30,3.765,3.799,3.82,3.849,3.931,4.076,4.465,4.692,5.479,6.3144,
2000-05-31,3.879,3.888,3.899,3.931,4.029,4.19,4.539,4.694,5.366,6.3907,
2000-06-30,3.8,3.783,3.781,3.799,3.872,4.008,4.395,4.642,5.336,6.1737,
2000-07-31,3.943,3.883,3.847,3.841,3.879,3.976,4.261,4.43,5.326,6.089,
2000-08-31,3.804,3.721,3.685,3.684,3.731,3.84,4.177,4.401,5.359,5.8947,
2000-09-30,3.615,3.619,3.654,3.702,3.807,3.954,4.284,4.449,5.308,5.99,
2000-10-31,3.578,3.585,3.623,3.672,3.779,3.927,4.265,4.446,5.306,5.8846,
2000-11-30,3.614,3.576,3.568,3.583,3.649,3.771,4.115,4.325,5.14,5.5939,
2000-12-31,3.232,3.22,3.236,3.271,3.374,3.552,3.983,4.188,4.961,5.3428,
2001-01-31,3.162,3.145,3.158,3.193,3.3,3.497,4.02,4.28,4.892,5.3767,
2001-02-28,3.156,3.122,3.132,3.169,3.285,3.492,4.013,4.267,4.828,5.2147,
2001-03-31,2.996,2.996,3.013,3.044,3.139,3.327,3.925,4.294,4.822,5.2693,
2001-04-30,3.163,3.181,3.205,3.239,3.337,3.529,4.141,4.496,5.158,5.6192,
2001-05-31,3.175,3.191,3.221,3.262,3.368,3.556,4.14,4.519,5.345,5.6892,
2001-06-30,3.103,3.093,3.102,3.127,3.211,3.383,3.972,4.369,5.218,5.691,
2001-07-31,3.045,3.027,3.037,3.067,3.165,3.357,3.954,4.314,5.083,5.3227,
2001-08-31,2.814,2.879,2.943,3.003,3.126,3.317,3.87,4.211,4.963,5.1872,
2001-09-30,2.426,2.571,2.703,2.824,3.038,3.302,3.86,4.151,4.991,5.0456,
2001-10-31,2.058,2.251,2.406,2.535,2.749,3.005,3.577,3.915,4.619,4.7026,
2001-11-30,2.376,2.536,2.672,2.792,3.002,3.261,3.816,4.113,4.774,5.2472,
2001-12-31,2.454,2.72,2.927,3.089,3.326,3.555,3.977,4.223,5.117,5.5106,
2002-01-31,2.575,2.878,3.082,3.225,3.41,3.59,4.024,4.3,5.083,5.4431,
2002-02-28,2.476,2.748,2.961,3.13,3.376,3.61,4.016,4.261,5.066,5.3371,
2002-03-31,2.592,2.892,3.088,3.227,3.422,3.636,4.093,4.307,5.351,5.8248,
2002-04-30,2.381,2.658,2.87,3.035,3.278,3.528,4.04,4.336,5.231,5.475,
2002-05-31,2.192,2.509,2.739,2.915,3.178,3.465,4.028,4.283,5.267,5.4222,
2002-06-30,2.072,2.355,2.562,2.727,2.988,3.299,3.96,4.271,5.073,5.2423,
2002-07-31,1.56,1.939,2.244,2.494,2.874,3.248,3.786,3.979,4.978,4.9128,
2002-08-31,1.384,1.776,2.1,2.368,2.779,3.192,3.806,4.032,4.697,4.5588,
2002-09-30,1.275,1.539,1.776,1.989,2.349,2.761,3.498,3.878,4.482,4.1101,
2002-10-31,1.072,1.424,1.731,1.994,2.415,2.863,3.6,3.894,4.701,4.395,
2002-11-30,1.224,1.497,1.743,1.966,2.349,2.799,3.625,3.952,4.714,4.6685,
2002-12-31,0.786,1.062,1.318,1.547,1.935,2.396,3.356,3.856,4.399,4.2487,
2003-01-31,0.827,1.075,1.315,1.538,1.929,2.396,3.323,3.745,4.208,4.3781,
2003-02-28,0.673,0.931,1.194,1.442,1.873,2.375,3.333,3.787,4.158,4.0785,
2003-03-31,0.781,1.078,1.346,1.59,2.018,2.537,3.566,4.024,4.246,4.2158,
2003-04-30,0.823,1.171,1.474,1.738,2.175,2.659,3.499,3.85,4.355,4.2231,
2003-05-31,0.598,0.898,1.175,1.425,1.853,2.358,3.342,3.806,3.904,3.6702,
2003-06-30,0.664,1.003,1.321,1.609,2.087,2.607,3.446,3.767,4.091,3.8383,
2003-07-31,0.721,1.088,1.422,1.715,2.182,2.666,3.453,3.786,4.254,4.8687,
2003-08-31,0.862,1.3,1.665,1.963,2.413,2.875,3.627,3.924,4.34,4.8099,
2003-09-30,0.729,1.145,1.508,1.813,2.284,2.777,3.624,3.98,4.261,4.2798,
2003-10-31,0.948,1.381,1.734,2.017,2.444,2.882,3.633,3.945,4.523,4.6386,
2003-11-30,1.081,1.535,1.895,2.179,2.592,2.993,3.596,3.821,4.61,4.6442,
2003-12-31,0.938,1.367,1.722,2.003,2.405,2.78,3.406,3.712,4.475,4.5544,
2004-01-31,0.852,1.229,1.573,1.877,2.364,2.852,3.505,3.763,4.482,4.4445,
2004-02-29,0.71,1.05,1.374,1.67,2.162,2.681,3.439,3.707,4.252,4.2745,
2004-03-31,0.74,1.087,1.405,1.688,2.148,2.632,3.383,3.666,4.183,4.135,
2004-04-30,1.132,1.499,1.799,2.046,2.426,2.809,3.412,3.664,4.397,4.8209,
2004-05-31,1.226,1.612,1.918,2.164,2.53,2.888,3.465,3.726,4.486,4.9517,
2004-06-30,1.506,1.863,2.139,2.361,2.697,3.04,3.578,3.782,4.488,4.8834,
2004-07-31,1.415,1.749,2.018,2.242,2.595,2.957,3.5,3.699,4.388,4.7544,
2004-08-31,1.182,1.497,1.777,2.019,2.411,2.825,3.479,3.728,4.206,4.3968,
2004-09-30,1.314,1.606,1.852,2.06,2.393,2.75,3.379,3.666,4.129,4.3677,
2004-10-31,1.141,1.395,1.638,1.86,2.23,2.623,3.203,3.41,4.011,4.2757,
2004-11-30,1.245,1.421,1.596,1.771,2.088,2.443,2.97,3.155,3.897,4.5674,
2004-12-31,1.137,1.364,1.568,1.749,2.05,2.382,2.923,3.13,3.792,4.407,
2005-01-31,1.079,1.264,1.446,1.618,1.918,2.249,2.757,2.941,3.636,4.2716,
2005-02-28,1.124,1.34,1.546,1.736,2.052,2.381,2.846,3.007,3.783,4.4732,
2005-03-31,1.14,1.331,1.51,1.687,2.004,2.355,2.871,3.051,3.775,4.6031,
2005-04-30,0.952,1.135,1.309,1.471,1.752,2.074,2.615,2.823,3.514,4.2946,
2005-05-31,0.948,1.117,1.279,1.431,1.699,2.014,2.56,2.777,3.355,4.0887,
2005-06-30,0.87,1.064,1.246,1.411,1.688,1.999,2.55,2.787,3.241,4.0069,
2005-07-31,0.948,1.129,1.3,1.454,1.704,1.955,2.355,2.709,3.259,4.3361,
2005-08-31,0.997,1.157,1.302,1.432,1.659,1.928,2.456,2.705,3.208,4.0844,
2005-09-30,1.12,1.305,1.458,1.584,1.774,1.95,2.211,2.519,3.257,4.4146,
2005-10-31,1.399,1.624,1.779,1.886,2.011,2.097,2.293,2.552,3.491,4.6465,
2005-11-30,1.657,1.791,1.869,1.929,2.036,2.184,2.501,2.648,3.487,4.6083,
2005-12-31,1.548,1.693,1.765,1.807,1.865,1.96,2.314,2.579,3.34,4.4422,
2006-01-31,1.602,1.78,1.887,1.956,2.048,2.153,2.447,2.637,3.557,4.5803,
2006-02-28,1.689,1.809,1.902,1.981,2.112,2.252,2.466,2.545,3.576,4.5994,
2006-03-31,1.792,1.959,2.098,2.213,2.377,2.517,2.687,2.743,3.84,4.9172,
2006-04-30,1.936,2.14,2.302,2.429,2.604,2.752,2.929,2.988,4.08,5.1138,
2006-05-31,1.986,2.131,2.252,2.359,2.532,2.7,2.918,2.991,4.027,5.1718,
2006-06-30,2.156,2.32,2.449,2.554,2.71,2.848,3.019,3.076,4.169,5.1707,
2006-07-31,2.112,2.26,2.378,2.475,2.616,2.742,2.896,2.948,4.004,5.0117,
2006-08-31,2.093,2.186,2.268,2.34,2.45,2.547,2.666,2.705,3.868,4.7853,
2006-09-30,2.12,2.207,2.252,2.277,2.313,2.369,2.551,2.649,3.733,4.6766,
2006-10-31,2.178,2.243,2.294,2.339,2.415,2.495,2.611,2.652,3.835,4.6423,
2006-11-30,2.179,2.216,2.238,2.257,2.292,2.341,2.446,2.494,3.767,4.4965,
2006-12-31,2.405,2.449,2.463,2.469,2.475,2.489,2.525,2.541,3.994,4.7444,
2007-01-31,2.467,2.502,2.528,2.551,2.586,2.619,2.659,2.673,4.149,4.8476,
2007-02-28,2.373,2.38,2.402,2.434,2.495,2.556,2.633,2.659,4.013,4.6097,
2007-03-31,2.411,2.419,2.461,2.515,2.611,2.702,2.815,2.853,4.105,4.718,
2007-04-30,2.498,2.539,2.597,2.652,2.733,2.801,2.882,2.909,4.275,4.6793,
2007-05-31,2.782,2.831,2.88,2.923,2.983,3.032,3.089,3.108,4.444,4.9292,
2007-06-30,2.905,2.921,2.952,2.996,3.088,3.194,3.341,3.392,4.608,5.0699,
2007-07-31,2.859,2.874,2.907,2.948,3.025,3.108,3.223,3.263,4.42,4.8569,
2007-08-31,2.495,2.503,2.615,2.733,2.907,3.049,3.218,3.274,4.359,4.6652,
2007-09-30,2.413,2.418,2.537,2.668,2.875,3.056,3.276,3.349,4.426,4.713,
2007-10-31,2.536,2.531,2.589,2.665,2.816,2.987,3.242,3.332,4.291,4.6042,
2007-11-30,2.249,2.269,2.401,2.537,2.737,2.906,3.107,3.174,4.209,4.2134,
2007-12-31,2.43,2.495,2.646,2.781,2.965,3.111,3.282,3.339,4.459,4.2859,
2008-01-31,2.106,2.138,2.273,2.425,2.685,2.939,3.266,3.376,4.099,3.9585,
2008-02-29,2.13,2.2,2.396,2.583,2.846,3.059,3.31,3.394,4.1,3.8837,
2008-03-31,2,2.1,2.321,2.523,2.805,3.033,3.303,3.393,4.123,3.8236,
2008-04-30,2.107,2.32,2.588,2.793,3.047,3.242,3.47,3.546,4.334,4.0743,
2008-05-31,2.298,2.55,2.783,2.945,3.138,3.284,3.454,3.511,4.549,4.3746,
2008-06-30,2.502,2.752,2.935,3.052,3.188,3.29,3.41,3.45,4.715,4.2552,
2008-07-31,2.312,2.513,2.714,2.858,3.033,3.166,3.321,3.373,4.558,4.2501,
2008-08-31,2.408,2.324,2.4,2.522,2.74,2.942,3.188,3.271,4.274,4.1067,
2008-09-30,1.607,1.463,1.659,1.916,2.323,2.669,3.08,3.217,4.251,4.2394,
2008-10-31,1.522,1.565,1.778,2.013,2.4,2.764,3.222,3.376,4.081,4.8355,
2008-11-30,1.285,1.499,1.65,1.776,1.989,2.226,2.578,2.701,3.531,3.6351,
2008-12-31,0.691,1.012,1.303,1.541,1.872,2.148,2.479,2.589,3.278,2.8791,
2009-01-31,0.449,0.756,1.096,1.398,1.841,2.221,2.679,2.832,3.653,3.5787,
2009-02-28,0.52,0.795,1.116,1.404,1.821,2.174,2.595,2.736,3.498,3.6952,
2009-03-31,0.523,0.818,1.129,1.406,1.817,2.175,2.61,2.756,3.434,3.1547,
2009-04-30,0.45,0.76,1.101,1.4,1.832,2.196,2.633,2.779,3.607,3.6265,
2009-05-31,0.467,0.839,1.235,1.585,2.097,2.536,3.065,3.242,3.932,3.9965,
2009-06-30,0.509,0.858,1.221,1.547,2.039,2.478,3.016,3.196,3.744,4.0184,
2009-07-31,0.453,0.726,1.023,1.304,1.758,2.192,2.745,2.932,3.657,3.9615,
2009-08-31,0.466,0.698,0.962,1.225,1.673,2.124,2.72,2.923,3.49,3.8593,
2009-09-30,0.567,0.828,1.084,1.325,1.731,2.155,2.749,2.954,3.493,3.715,
2009-10-31,0.616,0.89,1.146,1.38,1.777,2.207,2.766,2.855,3.586,3.7947,
2009-11-30,0.47,0.713,0.97,1.213,1.612,2.002,2.508,2.679,3.399,3.5711,
2009-12-31,0.468,0.72,0.991,1.239,1.623,1.972,2.404,2.549,3.631,4.1824,
2010-01-31,0.492,0.742,0.986,1.214,1.603,2.01,2.401,2.333,3.456,3.9561,
2010-02-28,0.376,0.604,0.842,1.073,1.484,1.931,2.345,2.207,3.391,3.9532,
2010-03-31,0.472,0.701,0.925,1.138,1.516,1.941,2.44,2.37,3.367,4.1186,
2010-04-30,0.478,0.697,0.908,1.108,1.46,1.865,2.392,2.381,3.266,3.9333,
2010-05-31,0.35,0.53,0.708,0.88,1.195,1.573,2.12,2.125,2.888,3.6032,
2010-06-30,0.347,0.525,0.702,0.87,1.169,1.509,1.951,1.983,2.82,3.24,
2010-07-31,0.407,0.522,0.685,0.863,1.18,1.5,1.917,2.057,2.917,3.1736,
2010-08-31,0.416,0.432,0.526,0.656,0.916,1.192,1.555,1.677,2.268,2.663,
2010-09-30,0.462,0.51,0.646,0.809,1.097,1.372,1.716,1.832,2.418,2.7339,
2010-10-31,0.514,0.61,0.769,0.937,1.21,1.458,1.762,1.863,2.731,2.8482,
2010-11-30,0.463,0.575,0.762,0.957,1.272,1.558,1.91,2.028,2.91,3.0356,
2010-12-31,0.448,0.632,0.872,1.09,1.407,1.674,1.993,2.099,3.194,3.5448,
2011-01-31,0.605,0.811,1.029,1.229,1.538,1.818,2.162,2.278,3.364,3.6494,
2011-02-28,0.621,0.855,1.065,1.254,1.567,1.897,2.244,2.137,3.326,3.6385,
2011-03-31,0.702,0.95,1.163,1.346,1.636,1.931,2.262,2.214,3.543,3.6977,
2011-04-30,0.758,1.003,1.223,1.419,1.742,2.083,2.472,2.375,3.446,3.5526,
2011-05-31,0.588,0.816,1.021,1.205,1.515,1.849,2.256,2.213,3.203,3.27,
2011-06-30,0.347,0.505,0.749,0.995,1.387,1.739,2.169,2.314,3.162,3.4302,
2011-07-31,0.218,0.311,0.514,0.736,1.101,1.436,1.847,1.985,2.796,3.0174,
2011-08-31,0.155,0.288,0.431,0.572,0.831,1.133,1.55,1.6,2.353,2.3951,
2011-09-30,0.055,0.095,0.228,0.393,0.697,1.003,1.396,1.529,2.114,2.0606,
2011-10-31,0.016,0.071,0.233,0.423,0.758,1.082,1.492,1.63,2.318,2.3063,
2011-11-30,0.003,0.02,0.154,0.326,0.638,0.945,1.331,1.46,2.498,2.2063,
2011-12-31,0.013,-0.011,0.071,0.199,0.461,0.74,1.109,1.234,1.986,1.9843,
2012-01-31,0.102,0.084,0.146,0.249,0.474,0.735,1.103,1.229,1.991,1.9013,
2012-02-29,0.056,0.022,0.083,0.192,0.433,0.72,1.14,1.285,1.968,2.0579,
2012-03-31,0.094,0.084,0.177,0.313,0.579,0.854,1.211,1.331,1.992,2.3459,
2012-04-30,0.039,0.008,0.087,0.211,0.462,0.735,1.104,1.229,1.803,2.0288,
2012-05-31,-0.164,-0.198,-0.087,0.067,0.344,0.61,0.945,1.057,1.379,1.6145,
2012-06-30,-0.344,-0.312,-0.131,0.069,0.39,0.678,1.029,1.147,1.725,1.7073,
2012-07-31,-0.315,-0.348,-0.217,-0.043,0.266,0.561,0.932,1.056,1.446,1.5522,
2012-08-31,-0.327,-0.361,-0.228,-0.05,0.266,0.569,0.952,1.08,1.46,1.6092,
2012-09-30,-0.095,-0.153,-0.082,0.043,0.308,0.599,0.995,1.129,1.542,1.676,
2012-10-31,-0.063,-0.136,-0.082,0.034,0.296,0.597,1.015,1.158,1.601,1.7585,
2012-11-30,-0.1,-0.174,-0.125,-0.016,0.235,0.53,0.954,1.1,1.471,1.6459,
2012-12-31,-0.116,-0.155,-0.092,0.017,0.261,0.557,1.004,1.162,1.384,1.8137,
2013-01-31,0.093,0.104,0.176,0.282,0.51,0.789,1.221,1.374,1.652,2.076,
2013-02-28,0.029,-0.003,0.056,0.167,0.42,0.721,1.149,1.296,1.519,1.9523,
2013-03-31,-0.012,-0.048,0.021,0.145,0.423,0.747,1.203,1.359,1.324,1.919,
2013-04-30,-0.079,-0.124,-0.065,0.048,0.305,0.612,1.06,1.215,1.262,1.7356,
2013-05-31,-0.060080202,-0.06406628,0.034924939,0.175936417,0.456587979,0.759867482,1.171262266,1.311359505,1.514,2.2458,
2013-06-30,-0.006228365,0.061823012,0.22164401,0.406609913,0.734795917,1.060240628,1.479682885,1.621187538,1.76,2.639,
2013-07-31,-0.01279698,0.046111358,0.207024624,0.400210819,0.749490725,1.097208836,1.542587575,1.692575083,1.764,2.7457,
2013-08-31,-0.007927346,0.049902649,0.217960345,0.419974236,0.783240359,1.142363781,1.600570445,1.754816857,1.941,2.934,
2013-09-30,-0.023580146,0.012398034,0.165516283,0.361804534,0.731019379,1.109748656,1.602822536,1.769311366,1.816,2.78,
2013-10-31,-0.000333389,0.020635894,0.150005585,0.328111397,0.684168621,1.069866648,1.588071832,1.763899524,1.753,2.7075,
2013-11-30,-0.075608881,-0.060744677,0.077122314,0.266127727,0.6372151,1.031254803,1.554574104,1.731858314,1.818,2.9255,
2013-12-31,-0.071279511,-0.00212906,0.189374906,0.419275454,0.835865184,1.252962935,1.790494514,1.971817586,2.108,3.2097,
2014-01-31,-0.109124332,-0.109658618,0.014710289,0.195566731,0.567260853,0.982864957,1.560503172,1.75837361,1.732,2.8219,
2014-02-28,-0.074286984,-0.072943901,0.039509108,0.205726058,0.55411954,0.950609762,1.506991859,1.697847399,1.671,2.797,
2014-03-31,-0.030941389,-0.035247503,0.068624238,0.227481698,0.566285354,0.954718838,1.498640069,1.684873205,1.648,2.86,
2014-04-30,0.00468943,-0.021311038,0.047170919,0.174385161,0.478165021,0.859839246,1.428028367,1.625151099,1.609,2.789,
2014-05-31,-0.027199368,-0.055614752,0.001683492,0.114194074,0.39482124,0.769598651,1.373851852,1.59032792,1.419,2.583,
2014-06-30,0.031597746,0.00079944,0.033613264,0.117103854,0.355813882,0.713933987,1.35240184,1.589500164,1.313,2.6346,
2014-07-31,0.032851809,-0.012810529,0.008751593,0.082342844,0.298803966,0.615872012,1.150204761,1.342792288,1.213,2.6758,
2014-08-31,0.000643334,-0.02948922,0.00194905,0.073489549,0.261903944,0.528842167,0.997866944,1.17359336,0.952,2.4433,
2014-09-30,-0.009012328,-0.038704567,-0.007809932,0.068628143,0.281029081,0.58865734,1.112790199,1.303162462,0.991,2.6152,
2014-10-31,-0.041741172,-0.053049233,-0.002913008,0.081997695,0.284023797,0.557574548,1.033903736,1.213100088,0.891,2.4582,
2014-11-30,-0.133543725,-0.145053884,-0.095448713,-0.01640458,0.166442422,0.413426567,0.851981503,1.019427941,0.746,2.2717,
2014-12-31,-0.259155645,-0.280337599,-0.205179493,-0.092082872,0.133842259,0.375038196,0.697406418,0.806741152,0.602,2.2432,
2015-01-31,-0.702336751,-0.68943341,-0.630585659,-0.541469898,-0.336037849,-0.067009544,0.375978947,0.537333536,0.347,1.7743,
2015-02-28,-0.799960053,-0.707883218,-0.597115203,-0.480416696,-0.256924551,0.014946623,0.453786816,0.599516428,0.328,2.0964,
2015-03-31,-0.795086291,-0.730780943,-0.608544137,-0.474612245,-0.239645085,-0.000707542,0.318945568,0.427777138,0.219,2.02,
2015-04-30,-0.77380154,-0.666691135,-0.541913911,-0.417258372,-0.197544588,0.039750189,0.376872407,0.491052408,0.355,2.1413,
2015-05-31,-0.811357026,-0.736036885,-0.635740487,-0.525107318,-0.305666865,-0.030876549,0.421655721,0.571304817,0.556,2.2319,
2015-06-30,-0.878847273,-0.788783038,-0.663123816,-0.522708251,-0.243877731,0.10053865,0.636724462,0.797053518,0.862,2.4572,
2015-07-31,-0.794860014,-0.732032474,-0.645307083,-0.545175226,-0.332143975,-0.035333245,0.539175718,0.733403501,0.675,2.2699,